id,first_name,last_name,gender,age
1,Falkner,Caddan,Male,72
2,Gerik,Yea,Male,2
3,Chev,Leavesley,Male,62
4,Lynnea,Bardill,Female,77
5,Annabal,Hast,Female,32
6,Stephannie,Spragg,Female,100
7,Malchy,Cockayne,Polygender,42
8,Rolland,Doble,Male,35
9,Valentijn,Gilsthorpe,Male,96
10,Alikee,De Santos,Female,73
11,Netta,Schanke,Non-binary,44
12,Saree,Gethins,Female,45
13,Kara,Virgo,Female,7
14,Elsa,Iwanowicz,Agender,55
15,Annaliese,Prantoni,Polygender,98
16,Georgy,Brosh,Male,39
17,Olenolin,Ambrosetti,Polygender,44
18,Davy,Cruz,Male,60
19,Orelee,MacGillespie,Female,14
20,Justinian,Donnellan,Male,20
21,Mandi,Sarfass,Female,22
22,Worth,Shovelton,Male,25
23,Vasili,Gulston,Male,50
24,Chaddie,Dallin,Male,22
25,Nilson,MacClay,Male,4
26,Virge,Ogley,Male,98
27,Augustine,Farens,Genderqueer,92
28,Ricki,Kienl,Agender,98
29,Theobald,Dorow,Male,47
30,Shaylah,Botly,Female,19
31,Quintana,Stollenberg,Female,71
32,Mahmud,Caston,Male,95
33,Tracey,Lawford,Non-binary,37
34,Xena,Birkenhead,Female,26
35,Mic,Sonley,Male,55
36,Whitney,Mereweather,Female,31
37,Hasheem,Lawdham,Male,98
38,Royce,Haggard,Genderfluid,20
39,Buddy,D'eathe,Male,8
40,Dorelle,Paxforde,Female,75
41,Dulce,Lanchbery,Female,55
42,Benetta,Zellner,Female,88
43,Ardisj,Dymocke,Female,65
44,Rozele,Fochs,Female,51
45,Belvia,Bahl,Agender,66
46,Bartram,Munro,Male,34
47,Frannie,Jewiss,Male,55
48,Horatio,Milnthorpe,Male,60
49,Temple,Deniset,Male,78
50,Hakim,Yendall,Male,44
51,Isa,Kelemen,Male,37
52,Waldo,Dewhirst,Male,29
53,Edin,Muncaster,Female,21
54,Hedi,Brownhall,Female,47
55,Olympia,Bugs,Polygender,87
56,Pennie,Prowse,Male,40
57,Sigismundo,Fer,Polygender,4
58,Willdon,Collocott,Male,100
59,Saunderson,Michell,Male,19
60,Sholom,Sherewood,Male,7
61,Meta,Shelmardine,Female,11
62,Dewie,Ahrenius,Male,47
63,Giorgi,Sydenham,Male,93
64,Ragnar,Wolffers,Polygender,98
65,Lucias,Edmead,Male,68
66,Phoebe,Wegner,Female,56
67,Hoebart,Buddleigh,Male,37
68,Sheffield,Amps,Male,59
69,Devora,Meindl,Female,76
70,Marianne,Alsobrook,Genderfluid,42
71,Pattie,Beetles,Agender,78
72,Tansy,Filyaev,Female,8
73,Miner,Reck,Male,7
74,Benni,Deeble,Female,18
75,Simone,Danelet,Male,68
76,Estel,Leefe,Female,2
77,Trina,McConachie,Female,15
78,Codee,Fairweather,Female,39
79,Peyton,Floodgate,Male,24
80,Zora,Ewles,Female,76
81,Faith,Smidmore,Female,71
82,Rodney,Thomtson,Male,7
83,Skye,Slad,Male,100
84,Dorita,Stivani,Female,89
85,Laurette,Miebes,Female,88
86,Shayne,Ridehalgh,Male,87
87,Jaymie,Leadley,Male,86
88,Christabel,Chalcot,Female,46
89,Vanni,Fermer,Female,89
90,Axel,Neicho,Male,64
91,Jackie,Nelligan,Female,43
92,Renie,Sutlieff,Female,50
93,Sheila,Kempster,Bigender,18
94,Prisca,Demke,Female,37
95,Vanya,Titterington,Male,88
96,Adriena,Casiroli,Female,24
97,Tully,Carette,Male,78
98,Micki,Gamil,Female,14
99,Vanna,Sisson,Female,73
100,Bea,McVeighty,Female,61s
